insert into `users` (`api_token`, `created_at`, `email`, `email_verified_at`, `id`, `name`, `password`, `remember_token`, `updated_at`) values ('095PwOHxAgqZbmzdgY7ijf7Osv5K5doczHEXn7qY9aOItTnwCGCc2ocdR6L7', '2022-05-10 11:05:33', 'amara64@example.net', '2022-05-10 11:05:33', '1', 'Lila Goldner', '$2y$10$92IXUNpkjO0rOQ5byMi.Ye4oKoEa3Ro9llC/.og/at2.uheWG/igi', 'ROoW2qKK2S', '2022-05-10 11:05:33');
insert into `users` (`api_token`, `created_at`, `email`, `email_verified_at`, `id`, `name`, `password`, `remember_token`, `updated_at`) values ('dT0IQ1wwBWvcoWggt3UjwrRi3STb2rckySfnYNyri5jBLUwe2f3ebrAliVy8', '2022-05-10 11:05:33', 'janis.bashirian@example.com', '2022-05-10 11:05:33', '2', 'Maxie Mueller', '$2y$10$92IXUNpkjO0rOQ5byMi.Ye4oKoEa3Ro9llC/.og/at2.uheWG/igi', 'bsicBWCXx8', '2022-05-10 11:05:33');
insert into `users` (`api_token`, `created_at`, `email`, `email_verified_at`, `id`, `name`, `password`, `remember_token`, `updated_at`) values ('4NfjJFDnwxfmhIQNZJ7shzpS5qcZjOJFWvfezi2MdL6ftv2KbgTtMzJVXL2U', '2022-05-10 11:05:33', 'zgulgowski@example.org', '2022-05-10 11:05:33', '3', 'Dr. Keaton Hessel', '$2y$10$92IXUNpkjO0rOQ5byMi.Ye4oKoEa3Ro9llC/.og/at2.uheWG/igi', 'Hg3uODBn9B', '2022-05-10 11:05:33');
insert into `users` (`api_token`, `created_at`, `email`, `email_verified_at`, `id`, `name`, `password`, `remember_token`, `updated_at`) values ('6S3CTj0VNeqBIKrFKikVcSglJUtfrKXg82diYKRdhDIWjxCHiMqzEQ1Wy9Tn', '2022-05-10 11:05:33', 'candelario.abshire@example.com', '2022-05-10 11:05:33', '4', 'Danny Hodkiewicz', '$2y$10$92IXUNpkjO0rOQ5byMi.Ye4oKoEa3Ro9llC/.og/at2.uheWG/igi', 'qNaUhZm16y', '2022-05-10 11:05:33');
insert into `users` (`api_token`, `created_at`, `email`, `email_verified_at`, `id`, `name`, `password`, `remember_token`, `updated_at`) values ('KdAKB0B6fqXMFMNK7hq35ZnX82mfwojkZVfxzPDn27teSmg9JSEnOKQb0RDe', '2022-05-10 11:05:33', 'walker.alexandra@example.org', '2022-05-10 11:05:33', '5', 'Mr. Nathen Leuschke DVM', '$2y$10$92IXUNpkjO0rOQ5byMi.Ye4oKoEa3Ro9llC/.og/at2.uheWG/igi', 'k7euMz55gy', '2022-05-10 11:05:33');
insert into `users` (`api_token`, `created_at`, `email`, `email_verified_at`, `id`, `name`, `password`, `remember_token`, `updated_at`) values ('Mo132FmQufoQpTkyUVwPRBWy0w302BrNcKlwriSB0iSCubp5Ee2fOgTW9pi8', '2022-05-10 11:05:33', 'britney.frami@example.com', '2022-05-10 11:05:33', '6', 'Kirsten Jerde IV', '$2y$10$92IXUNpkjO0rOQ5byMi.Ye4oKoEa3Ro9llC/.og/at2.uheWG/igi', 'FdJ5jKYIRw', '2022-05-10 11:05:33');
insert into `users` (`api_token`, `created_at`, `email`, `email_verified_at`, `id`, `name`, `password`, `remember_token`, `updated_at`) values ('g9oNdYg6XRABI3sBWhw0XRjzLcA3QItlZq95Ca81j1SCoEJYdm1IqhlcJKdh', '2022-05-10 11:05:33', 'zboncak.jakayla@example.net', '2022-05-10 11:05:33', '7', 'Prof. Dimitri Quigley Jr.', '$2y$10$92IXUNpkjO0rOQ5byMi.Ye4oKoEa3Ro9llC/.og/at2.uheWG/igi', 'RTKil16QjM', '2022-05-10 11:05:33');
insert into `users` (`api_token`, `created_at`, `email`, `email_verified_at`, `id`, `name`, `password`, `remember_token`, `updated_at`) values ('hrLkzj4yaezrWTisIwoKnfI1kmXp28DDKsv3EKn3BHDfOyUKHnwPvp5Y6BwJ', '2022-05-10 11:05:33', 'delta42@example.net', '2022-05-10 11:05:33', '8', 'Triston Berge', '$2y$10$92IXUNpkjO0rOQ5byMi.Ye4oKoEa3Ro9llC/.og/at2.uheWG/igi', '6xNlDbrHJg', '2022-05-10 11:05:33');
insert into `users` (`api_token`, `created_at`, `email`, `email_verified_at`, `id`, `name`, `password`, `remember_token`, `updated_at`) values ('pHG8iqiwvlprfN1vqzBKn3BfD7krXiYwuATkhmtVVRd4vo3yy2FEU34VKUZ2', '2022-05-10 11:05:33', 'grady.river@example.net', '2022-05-10 11:05:33', '9', 'Lysanne Weber', '$2y$10$92IXUNpkjO0rOQ5byMi.Ye4oKoEa3Ro9llC/.og/at2.uheWG/igi', 'HUxdfyZpGl', '2022-05-10 11:05:33');
insert into `users` (`api_token`, `created_at`, `email`, `email_verified_at`, `id`, `name`, `password`, `remember_token`, `updated_at`) values ('QHjGnuBZcLeXKwoz5gWXHpAlerFGMbE75VOkPV96cUHwMfqER9iCRNGR7arA', '2022-05-10 11:05:34', 'isadore.lynch@example.org', '2022-05-10 11:05:33', '10', 'Cary Haag', '$2y$10$92IXUNpkjO0rOQ5byMi.Ye4oKoEa3Ro9llC/.og/at2.uheWG/igi', 'Kj6RrisUYW', '2022-05-10 11:05:34');

insert into `tags` (`created_at`, `id`, `name`, `updated_at`, `user_id`) values ('2022-05-10 10:58:18', '1', 'similique', '2022-05-10 10:58:18', 408);
insert into `tags` (`created_at`, `id`, `name`, `updated_at`, `user_id`) values ('2022-05-10 10:58:18', '2', 'ab', '2022-05-10 10:58:18', 354);
insert into `tags` (`created_at`, `id`, `name`, `updated_at`, `user_id`) values ('2022-05-10 10:58:18', '3', 'et', '2022-05-10 10:58:18', 921);
insert into `tags` (`created_at`, `id`, `name`, `updated_at`, `user_id`) values ('2022-05-10 10:58:18', '4', 'nam', '2022-05-10 10:58:18', 305);
insert into `tags` (`created_at`, `id`, `name`, `updated_at`, `user_id`) values ('2022-05-10 10:58:18', '5', 'dolor', '2022-05-10 10:58:18', 196);
insert into `tags` (`created_at`, `id`, `name`, `updated_at`, `user_id`) values ('2022-05-10 10:58:18', '6', 'sint', '2022-05-10 10:58:18', 28);
insert into `tags` (`created_at`, `id`, `name`, `updated_at`, `user_id`) values ('2022-05-10 10:58:18', '7', 'nemo', '2022-05-10 10:58:18', 634);
insert into `tags` (`created_at`, `id`, `name`, `updated_at`, `user_id`) values ('2022-05-10 10:58:18', '8', 'quidem', '2022-05-10 10:58:18', 127);
insert into `tags` (`created_at`, `id`, `name`, `updated_at`, `user_id`) values ('2022-05-10 10:58:18', '9', 'labore', '2022-05-10 10:58:18', 420);
insert into `tags` (`created_at`, `id`, `name`, `updated_at`, `user_id`) values ('2022-05-10 10:58:18', '10', 'aut', '2022-05-10 10:58:18', 809);
insert into `tags` (`created_at`, `id`, `name`, `updated_at`, `user_id`) values ('2022-05-10 10:58:18', '11', 'sit', '2022-05-10 10:58:18', 461);
insert into `tags` (`created_at`, `id`, `name`, `updated_at`, `user_id`) values ('2022-05-10 10:58:18', '12', 'eius', '2022-05-10 10:58:18', 229);
insert into `tags` (`created_at`, `id`, `name`, `updated_at`, `user_id`) values ('2022-05-10 10:58:18', '13', 'maiores', '2022-05-10 10:58:18', 631);
insert into `tags` (`created_at`, `id`, `name`, `updated_at`, `user_id`) values ('2022-05-10 10:58:18', '14', 'nesciunt', '2022-05-10 10:58:18', 254);
insert into `tags` (`created_at`, `id`, `name`, `updated_at`, `user_id`) values ('2022-05-10 10:58:18', '15', 'ad', '2022-05-10 10:58:18', 741);
insert into `tags` (`created_at`, `id`, `name`, `updated_at`, `user_id`) values ('2022-05-10 10:58:18', '16', 'rerum', '2022-05-10 10:58:18', 348);
insert into `tags` (`created_at`, `id`, `name`, `updated_at`, `user_id`) values ('2022-05-10 10:58:18', '17', 'et', '2022-05-10 10:58:18', 18);
insert into `tags` (`created_at`, `id`, `name`, `updated_at`, `user_id`) values ('2022-05-10 10:58:18', '18', 'eum', '2022-05-10 10:58:18', 595);
insert into `tags` (`created_at`, `id`, `name`, `updated_at`, `user_id`) values ('2022-05-10 10:58:18', '19', 'asperiores', '2022-05-10 10:58:18', 947);
insert into `tags` (`created_at`, `id`, `name`, `updated_at`, `user_id`) values ('2022-05-10 10:58:18', '20', 'consequatur', '2022-05-10 10:58:18', 187);
insert into `tags` (`created_at`, `id`, `name`, `updated_at`, `user_id`) values ('2022-05-10 10:58:18', '21', 'dolor', '2022-05-10 10:58:18', 902);
insert into `tags` (`created_at`, `id`, `name`, `updated_at`, `user_id`) values ('2022-05-10 10:58:18', '22', 'autem', '2022-05-10 10:58:18', 237);
insert into `tags` (`created_at`, `id`, `name`, `updated_at`, `user_id`) values ('2022-05-10 10:58:18', '23', 'nihil', '2022-05-10 10:58:18', 594);
insert into `tags` (`created_at`, `id`, `name`, `updated_at`, `user_id`) values ('2022-05-10 10:58:18', '24', 'vero', '2022-05-10 10:58:18', 54);
insert into `tags` (`created_at`, `id`, `name`, `updated_at`, `user_id`) values ('2022-05-10 10:58:18', '25', 'dolor', '2022-05-10 10:58:18', 896);
insert into `tags` (`created_at`, `id`, `name`, `updated_at`, `user_id`) values ('2022-05-10 10:58:18', '26', 'ipsa', '2022-05-10 10:58:18', 267);
insert into `tags` (`created_at`, `id`, `name`, `updated_at`, `user_id`) values ('2022-05-10 10:58:18', '27', 'aut', '2022-05-10 10:58:18', 908);
insert into `tags` (`created_at`, `id`, `name`, `updated_at`, `user_id`) values ('2022-05-10 10:58:18', '28', 'ducimus', '2022-05-10 10:58:18', 646);
insert into `tags` (`created_at`, `id`, `name`, `updated_at`, `user_id`) values ('2022-05-10 10:58:18', '29', 'inventore', '2022-05-10 10:58:18', 794);
insert into `tags` (`created_at`, `id`, `name`, `updated_at`, `user_id`) values ('2022-05-10 10:58:18', '30', 'perferendis', '2022-05-10 10:58:18', 150);


insert into `issues` (`category`, `created_at`, `description`, `id`, `title`, `updated_at`, `user_id`) values ('Illum quo nemo et atque.', '2022-05-10 10:58:25', 'Ut culpa cum fugiat laudantium. Itaque tenetur amet consectetur. Rerum molestiae esse quasi occaecati distinctio. Sapiente suscipit tenetur sed. Itaque voluptatibus aut ex et.', '1', 'aut', '2022-05-10 10:58:25', 965);
insert into `issues` (`category`, `created_at`, `description`, `id`, `title`, `updated_at`, `user_id`) values ('Tempore tempore veritatis quia.', '2022-05-10 10:58:25', 'Sed accusamus praesentium itaque veritatis dolorum molestias quam vitae. Quia molestias esse doloribus rerum in ab. Dolores dolor error soluta error et.', '2', 'possimus', '2022-05-10 10:58:25', 848);
insert into `issues` (`category`, `created_at`, `description`, `id`, `title`, `updated_at`, `user_id`) values ('Et fugit pariatur et accusamus.', '2022-05-10 10:58:25', 'Autem omnis alias eos. Tempore quo non qui qui. Maiores enim alias voluptas. Deserunt rem quia ullam omnis et dolores eum.', '3', 'sit', '2022-05-10 10:58:25', 273);
insert into `issues` (`category`, `created_at`, `description`, `id`, `title`, `updated_at`, `user_id`) values ('Nobis fugit temporibus rerum reiciendis.', '2022-05-10 10:58:25', 'Aperiam praesentium sit voluptas optio. Ex molestiae vel eos dolore fugiat ut aliquam sint. Qui magni quam omnis consectetur ut quo.', '4', 'impedit', '2022-05-10 10:58:25', 755);
insert into `issues` (`category`, `created_at`, `description`, `id`, `title`, `updated_at`, `user_id`) values ('Et autem et laboriosam unde.', '2022-05-10 10:58:25', 'Dolores mollitia vel neque fuga. Ratione inventore corrupti sed dolorem exercitationem. Atque soluta eos corrupti. Maxime in earum libero quasi eum explicabo.', '5', 'non', '2022-05-10 10:58:25', 212);
insert into `issues` (`category`, `created_at`, `description`, `id`, `title`, `updated_at`, `user_id`) values ('Vero quae fuga nam odio quia.', '2022-05-10 10:58:25', 'Et ratione officia culpa nihil facere. Ipsam modi consequatur distinctio rerum voluptate quia aut. Ullam in occaecati quae voluptate.', '6', 'quae', '2022-05-10 10:58:25', 214);
insert into `issues` (`category`, `created_at`, `description`, `id`, `title`, `updated_at`, `user_id`) values ('Neque et et et minima magni asperiores.', '2022-05-10 10:58:25', 'Consequuntur voluptatibus at similique cumque. Beatae dolore optio impedit modi.', '7', 'enim', '2022-05-10 10:58:25', 587);
insert into `issues` (`category`, `created_at`, `description`, `id`, `title`, `updated_at`, `user_id`) values ('Maiores quasi facilis aut aut.', '2022-05-10 10:58:25', 'Totam temporibus commodi consequatur dolor ut sunt recusandae. Est et aperiam delectus aut alias. Ducimus maiores et totam quia dignissimos.', '8', 'quia', '2022-05-10 10:58:25', 973);
insert into `issues` (`category`, `created_at`, `description`, `id`, `title`, `updated_at`, `user_id`) values ('Expedita ex reiciendis et adipisci voluptas.', '2022-05-10 10:58:25', 'Qui reiciendis omnis est distinctio laborum sed debitis dolor. Explicabo velit hic et nostrum.', '9', 'et', '2022-05-10 10:58:25', 37);
insert into `issues` (`category`, `created_at`, `description`, `id`, `title`, `updated_at`, `user_id`) values ('Aliquam odio dolorem ut consequatur et rerum aut.', '2022-05-10 10:58:25', 'Voluptatem fugit labore inventore harum incidunt alias. Quod natus voluptate modi omnis velit. Id consequatur dolores mollitia in. Velit est iusto eos sapiente aut dolor quo labore.', '10', 'facilis', '2022-05-10 10:58:25', 310);
insert into `issues` (`category`, `created_at`, `description`, `id`, `title`, `updated_at`, `user_id`) values ('Ea quibusdam ut eum illo voluptatem nihil.', '2022-05-10 10:58:25', 'Qui facere magnam quo molestias quia. Recusandae nisi ut consequatur ut similique qui. Aut quo odio consequatur quis odit consequatur. Expedita dolorem eos repudiandae esse aut omnis iusto.', '11', 'et', '2022-05-10 10:58:25', 294);
insert into `issues` (`category`, `created_at`, `description`, `id`, `title`, `updated_at`, `user_id`) values ('Reprehenderit sunt ut aliquid optio unde ut et.', '2022-05-10 10:58:25', 'In nihil explicabo facilis alias impedit tempore est. Consequuntur id non natus deserunt. Consequuntur pariatur earum est explicabo. Accusamus numquam quo delectus modi harum aut.', '12', 'omnis', '2022-05-10 10:58:25', 305);
insert into `issues` (`category`, `created_at`, `description`, `id`, `title`, `updated_at`, `user_id`) values ('Iusto tempore quia voluptas est unde.', '2022-05-10 10:58:25', 'Architecto sit qui aut. Exercitationem incidunt soluta voluptatem est earum quidem eum. Sit sunt repellat earum eos quia. Quibusdam veniam natus voluptas nesciunt qui.', '13', 'illo', '2022-05-10 10:58:25', 744);
insert into `issues` (`category`, `created_at`, `description`, `id`, `title`, `updated_at`, `user_id`) values ('Repudiandae animi aut facilis laborum.', '2022-05-10 10:58:25', 'Facilis quis dolor cupiditate nihil libero tempora. Aliquam quo blanditiis optio fuga dolores. Quia adipisci molestias et.', '14', 'magni', '2022-05-10 10:58:25', 856);
insert into `issues` (`category`, `created_at`, `description`, `id`, `title`, `updated_at`, `user_id`) values ('Sit similique soluta quia non.', '2022-05-10 10:58:25', 'Sunt vel quia voluptas quos et corporis. Nostrum recusandae suscipit dicta fuga quos. Possimus adipisci asperiores facere quis ab. Voluptate tenetur qui eius voluptates qui.', '15', 'et', '2022-05-10 10:58:25', 256);
insert into `issues` (`category`, `created_at`, `description`, `id`, `title`, `updated_at`, `user_id`) values ('Eos qui voluptatem eum sequi autem et alias.', '2022-05-10 10:58:25', 'In ea laborum magni laboriosam ratione nobis quis. Et similique rem maxime non est. Quo ea in dolorem ut tempora reprehenderit quidem et.', '16', 'enim', '2022-05-10 10:58:25', 305);
insert into `issues` (`category`, `created_at`, `description`, `id`, `title`, `updated_at`, `user_id`) values ('Sint et illum laborum sunt facilis.', '2022-05-10 10:58:25', 'Error qui iusto sit qui. Tempore repellat provident quas esse. Asperiores assumenda vitae enim et.', '17', 'quisquam', '2022-05-10 10:58:25', 225);
insert into `issues` (`category`, `created_at`, `description`, `id`, `title`, `updated_at`, `user_id`) values ('Dignissimos vero ea minus rerum.', '2022-05-10 10:58:25', 'Distinctio non quos eum. Itaque voluptatem qui cupiditate. Facere tenetur quis est enim aspernatur dolor.', '18', 'repudiandae', '2022-05-10 10:58:25', 508);
insert into `issues` (`category`, `created_at`, `description`, `id`, `title`, `updated_at`, `user_id`) values ('Tempora ab saepe magnam numquam rerum aut esse.', '2022-05-10 10:58:25', 'Qui et nisi laboriosam quas. Aut asperiores omnis enim sed molestiae laudantium qui. Eveniet dolorum pariatur nostrum at. Illo ipsum earum omnis voluptatem. Suscipit ut quibusdam architecto nam.', '19', 'illo', '2022-05-10 10:58:25', 959);
insert into `issues` (`category`, `created_at`, `description`, `id`, `title`, `updated_at`, `user_id`) values ('Nam consequuntur reiciendis rerum nihil sunt.', '2022-05-10 10:58:25', 'Quia nihil dolor dolor. Similique perspiciatis necessitatibus laborum ratione omnis sit. Omnis magnam sit aut odit quis voluptatibus.', '20', 'tempore', '2022-05-10 10:58:25', 360);
insert into `issues` (`category`, `created_at`, `description`, `id`, `title`, `updated_at`, `user_id`) values ('Quidem dolores dolorem iure id.', '2022-05-10 10:58:25', 'Quis eaque aperiam ea deserunt. Nihil molestiae amet modi beatae perferendis cupiditate. Perferendis nulla laudantium eos pariatur illo error.', '21', 'repellat', '2022-05-10 10:58:25', 865);
insert into `issues` (`category`, `created_at`, `description`, `id`, `title`, `updated_at`, `user_id`) values ('Tempore consequatur totam quae voluptate et.', '2022-05-10 10:58:25', 'Est ipsa ullam in ea dolorum ut sunt. Nisi nisi a exercitationem fuga. Voluptatem officiis dolorem porro qui numquam ut at voluptatem.', '22', 'expedita', '2022-05-10 10:58:25', 95);
insert into `issues` (`category`, `created_at`, `description`, `id`, `title`, `updated_at`, `user_id`) values ('Molestiae dolor consequuntur ex est.', '2022-05-10 10:58:25', 'Vel quo aut labore delectus odit qui. Ea officiis ea aliquid totam qui autem. Nulla neque non iure veniam blanditiis. Est et officiis corporis inventore.', '23', 'quod', '2022-05-10 10:58:25', 398);
insert into `issues` (`category`, `created_at`, `description`, `id`, `title`, `updated_at`, `user_id`) values ('Eos vel qui laborum cumque.', '2022-05-10 10:58:25', 'Occaecati blanditiis atque vitae sit cupiditate dolorem accusamus. Velit officia ea quam dolor animi ipsum suscipit. Nihil tempora expedita ex est iste ad accusantium dolor.', '24', 'nemo', '2022-05-10 10:58:25', 281);
insert into `issues` (`category`, `created_at`, `description`, `id`, `title`, `updated_at`, `user_id`) values ('Magni amet fuga velit delectus non dolorem earum.', '2022-05-10 10:58:25', 'Dignissimos nihil velit sed est. Possimus est repudiandae error nisi. Nihil tempora fugit iusto esse rerum voluptatum. Consequuntur dolore culpa sequi quaerat architecto tempore.', '25', 'et', '2022-05-10 10:58:25', 832);
insert into `issues` (`category`, `created_at`, `description`, `id`, `title`, `updated_at`, `user_id`) values ('Ipsum nulla sunt quas totam consequatur.', '2022-05-10 10:58:25', 'Minus numquam cumque est assumenda. Enim ab voluptas fugit. Omnis facere laudantium quia.', '26', 'dolores', '2022-05-10 10:58:25', 72);
insert into `issues` (`category`, `created_at`, `description`, `id`, `title`, `updated_at`, `user_id`) values ('Dolorem sapiente labore laborum quos.', '2022-05-10 10:58:25', 'Est reprehenderit quis doloribus fuga velit occaecati voluptatem. Consequatur enim molestiae reiciendis tempora numquam tenetur nostrum. Aut eaque quo rem beatae nesciunt quos.', '27', 'pariatur', '2022-05-10 10:58:25', 783);
insert into `issues` (`category`, `created_at`, `description`, `id`, `title`, `updated_at`, `user_id`) values ('Et accusamus sint vel ut.', '2022-05-10 10:58:25', 'Dolores saepe neque nihil at et. Aut id fugit repellat quo facere iusto. Fuga facilis perspiciatis accusamus et ipsa fugiat.', '28', 'odio', '2022-05-10 10:58:25', 328);
insert into `issues` (`category`, `created_at`, `description`, `id`, `title`, `updated_at`, `user_id`) values ('Explicabo deserunt suscipit omnis optio ullam.', '2022-05-10 10:58:25', 'Ratione fugit voluptatibus ratione aut aspernatur. Debitis non nemo itaque. Aut pariatur harum perferendis eos unde.', '29', 'fugiat', '2022-05-10 10:58:25', 2);
insert into `issues` (`category`, `created_at`, `description`, `id`, `title`, `updated_at`, `user_id`) values ('Nihil quam expedita tempore tempore quia.', '2022-05-10 10:58:25', 'Dolor quis laboriosam recusandae fugiat voluptatem ullam doloribus. Dolor qui veritatis aliquid dolorum repellendus. Tempora rerum esse neque dolores dolor.', '30', 'illo', '2022-05-10 10:58:25', 391);

insert into `issue_tag` (`created_at`, `id`, `issue_id`, `tag_id`, `updated_at`) values ('2022-05-10 10:58:25', '1', '1', '21', '2022-05-10 10:58:25');
insert into `issue_tag` (`created_at`, `id`, `issue_id`, `tag_id`, `updated_at`) values ('2022-05-10 10:58:25', '2', '2', '15', '2022-05-10 10:58:25');
insert into `issue_tag` (`created_at`, `id`, `issue_id`, `tag_id`, `updated_at`) values ('2022-05-10 10:58:25', '3', '3', '23', '2022-05-10 10:58:25');
insert into `issue_tag` (`created_at`, `id`, `issue_id`, `tag_id`, `updated_at`) values ('2022-05-10 10:58:25', '4', '3', '19', '2022-05-10 10:58:25');
insert into `issue_tag` (`created_at`, `id`, `issue_id`, `tag_id`, `updated_at`) values ('2022-05-10 10:58:25', '5', '3', '1', '2022-05-10 10:58:25');
insert into `issue_tag` (`created_at`, `id`, `issue_id`, `tag_id`, `updated_at`) values ('2022-05-10 10:58:25', '6', '4', '21', '2022-05-10 10:58:25');
insert into `issue_tag` (`created_at`, `id`, `issue_id`, `tag_id`, `updated_at`) values ('2022-05-10 10:58:25', '7', '4', '6', '2022-05-10 10:58:25');
insert into `issue_tag` (`created_at`, `id`, `issue_id`, `tag_id`, `updated_at`) values ('2022-05-10 10:58:25', '8', '4', '26', '2022-05-10 10:58:25');
insert into `issue_tag` (`created_at`, `id`, `issue_id`, `tag_id`, `updated_at`) values ('2022-05-10 10:58:25', '9', '5', '4', '2022-05-10 10:58:25');
insert into `issue_tag` (`created_at`, `id`, `issue_id`, `tag_id`, `updated_at`) values ('2022-05-10 10:58:25', '10', '5', '23', '2022-05-10 10:58:25');
insert into `issue_tag` (`created_at`, `id`, `issue_id`, `tag_id`, `updated_at`) values ('2022-05-10 10:58:25', '11', '5', '16', '2022-05-10 10:58:25');
insert into `issue_tag` (`created_at`, `id`, `issue_id`, `tag_id`, `updated_at`) values ('2022-05-10 10:58:26', '12', '6', '27', '2022-05-10 10:58:26');
insert into `issue_tag` (`created_at`, `id`, `issue_id`, `tag_id`, `updated_at`) values ('2022-05-10 10:58:26', '13', '6', '5', '2022-05-10 10:58:26');
insert into `issue_tag` (`created_at`, `id`, `issue_id`, `tag_id`, `updated_at`) values ('2022-05-10 10:58:26', '14', '7', '22', '2022-05-10 10:58:26');
insert into `issue_tag` (`created_at`, `id`, `issue_id`, `tag_id`, `updated_at`) values ('2022-05-10 10:58:26', '15', '7', '21', '2022-05-10 10:58:26');
insert into `issue_tag` (`created_at`, `id`, `issue_id`, `tag_id`, `updated_at`) values ('2022-05-10 10:58:26', '16', '8', '26', '2022-05-10 10:58:26');
insert into `issue_tag` (`created_at`, `id`, `issue_id`, `tag_id`, `updated_at`) values ('2022-05-10 10:58:26', '17', '9', '14', '2022-05-10 10:58:26');
insert into `issue_tag` (`created_at`, `id`, `issue_id`, `tag_id`, `updated_at`) values ('2022-05-10 10:58:26', '18', '9', '24', '2022-05-10 10:58:26');
insert into `issue_tag` (`created_at`, `id`, `issue_id`, `tag_id`, `updated_at`) values ('2022-05-10 10:58:26', '19', '9', '8', '2022-05-10 10:58:26');
insert into `issue_tag` (`created_at`, `id`, `issue_id`, `tag_id`, `updated_at`) values ('2022-05-10 10:58:26', '20', '10', '14', '2022-05-10 10:58:26');
insert into `issue_tag` (`created_at`, `id`, `issue_id`, `tag_id`, `updated_at`) values ('2022-05-10 10:58:26', '21', '10', '22', '2022-05-10 10:58:26');
insert into `issue_tag` (`created_at`, `id`, `issue_id`, `tag_id`, `updated_at`) values ('2022-05-10 10:58:26', '22', '11', '6', '2022-05-10 10:58:26');
insert into `issue_tag` (`created_at`, `id`, `issue_id`, `tag_id`, `updated_at`) values ('2022-05-10 10:58:26', '23', '11', '2', '2022-05-10 10:58:26');
insert into `issue_tag` (`created_at`, `id`, `issue_id`, `tag_id`, `updated_at`) values ('2022-05-10 10:58:26', '24', '12', '21', '2022-05-10 10:58:26');
insert into `issue_tag` (`created_at`, `id`, `issue_id`, `tag_id`, `updated_at`) values ('2022-05-10 10:58:26', '25', '12', '26', '2022-05-10 10:58:26');
insert into `issue_tag` (`created_at`, `id`, `issue_id`, `tag_id`, `updated_at`) values ('2022-05-10 10:58:26', '26', '12', '25', '2022-05-10 10:58:26');
insert into `issue_tag` (`created_at`, `id`, `issue_id`, `tag_id`, `updated_at`) values ('2022-05-10 10:58:26', '27', '13', '8', '2022-05-10 10:58:26');
insert into `issue_tag` (`created_at`, `id`, `issue_id`, `tag_id`, `updated_at`) values ('2022-05-10 10:58:26', '28', '14', '22', '2022-05-10 10:58:26');
insert into `issue_tag` (`created_at`, `id`, `issue_id`, `tag_id`, `updated_at`) values ('2022-05-10 10:58:26', '29', '14', '9', '2022-05-10 10:58:26');
insert into `issue_tag` (`created_at`, `id`, `issue_id`, `tag_id`, `updated_at`) values ('2022-05-10 10:58:26', '30', '14', '30', '2022-05-10 10:58:26');
insert into `issue_tag` (`created_at`, `id`, `issue_id`, `tag_id`, `updated_at`) values ('2022-05-10 10:58:26', '31', '15', '1', '2022-05-10 10:58:26');
insert into `issue_tag` (`created_at`, `id`, `issue_id`, `tag_id`, `updated_at`) values ('2022-05-10 10:58:26', '32', '15', '19', '2022-05-10 10:58:26');
insert into `issue_tag` (`created_at`, `id`, `issue_id`, `tag_id`, `updated_at`) values ('2022-05-10 10:58:26', '33', '16', '23', '2022-05-10 10:58:26');
insert into `issue_tag` (`created_at`, `id`, `issue_id`, `tag_id`, `updated_at`) values ('2022-05-10 10:58:26', '34', '16', '27', '2022-05-10 10:58:26');
insert into `issue_tag` (`created_at`, `id`, `issue_id`, `tag_id`, `updated_at`) values ('2022-05-10 10:58:26', '35', '17', '12', '2022-05-10 10:58:26');
insert into `issue_tag` (`created_at`, `id`, `issue_id`, `tag_id`, `updated_at`) values ('2022-05-10 10:58:26', '36', '17', '19', '2022-05-10 10:58:26');
insert into `issue_tag` (`created_at`, `id`, `issue_id`, `tag_id`, `updated_at`) values ('2022-05-10 10:58:26', '37', '17', '16', '2022-05-10 10:58:26');
insert into `issue_tag` (`created_at`, `id`, `issue_id`, `tag_id`, `updated_at`) values ('2022-05-10 10:58:26', '38', '18', '11', '2022-05-10 10:58:26');
insert into `issue_tag` (`created_at`, `id`, `issue_id`, `tag_id`, `updated_at`) values ('2022-05-10 10:58:26', '39', '18', '2', '2022-05-10 10:58:26');
insert into `issue_tag` (`created_at`, `id`, `issue_id`, `tag_id`, `updated_at`) values ('2022-05-10 10:58:26', '40', '19', '22', '2022-05-10 10:58:26');
insert into `issue_tag` (`created_at`, `id`, `issue_id`, `tag_id`, `updated_at`) values ('2022-05-10 10:58:26', '41', '19', '10', '2022-05-10 10:58:26');
insert into `issue_tag` (`created_at`, `id`, `issue_id`, `tag_id`, `updated_at`) values ('2022-05-10 10:58:26', '42', '19', '1', '2022-05-10 10:58:26');
insert into `issue_tag` (`created_at`, `id`, `issue_id`, `tag_id`, `updated_at`) values ('2022-05-10 10:58:26', '43', '20', '24', '2022-05-10 10:58:26');
insert into `issue_tag` (`created_at`, `id`, `issue_id`, `tag_id`, `updated_at`) values ('2022-05-10 10:58:26', '44', '21', '20', '2022-05-10 10:58:26');
insert into `issue_tag` (`created_at`, `id`, `issue_id`, `tag_id`, `updated_at`) values ('2022-05-10 10:58:26', '45', '21', '3', '2022-05-10 10:58:26');
insert into `issue_tag` (`created_at`, `id`, `issue_id`, `tag_id`, `updated_at`) values ('2022-05-10 10:58:26', '46', '21', '15', '2022-05-10 10:58:26');
insert into `issue_tag` (`created_at`, `id`, `issue_id`, `tag_id`, `updated_at`) values ('2022-05-10 10:58:26', '47', '22', '16', '2022-05-10 10:58:26');
insert into `issue_tag` (`created_at`, `id`, `issue_id`, `tag_id`, `updated_at`) values ('2022-05-10 10:58:26', '48', '22', '23', '2022-05-10 10:58:26');
insert into `issue_tag` (`created_at`, `id`, `issue_id`, `tag_id`, `updated_at`) values ('2022-05-10 10:58:26', '49', '22', '27', '2022-05-10 10:58:26');
insert into `issue_tag` (`created_at`, `id`, `issue_id`, `tag_id`, `updated_at`) values ('2022-05-10 10:58:26', '50', '23', '22', '2022-05-10 10:58:26');
insert into `issue_tag` (`created_at`, `id`, `issue_id`, `tag_id`, `updated_at`) values ('2022-05-10 10:58:26', '51', '24', '8', '2022-05-10 10:58:26');
insert into `issue_tag` (`created_at`, `id`, `issue_id`, `tag_id`, `updated_at`) values ('2022-05-10 10:58:26', '52', '24', '26', '2022-05-10 10:58:26');
insert into `issue_tag` (`created_at`, `id`, `issue_id`, `tag_id`, `updated_at`) values ('2022-05-10 10:58:26', '53', '24', '1', '2022-05-10 10:58:26');
insert into `issue_tag` (`created_at`, `id`, `issue_id`, `tag_id`, `updated_at`) values ('2022-05-10 10:58:26', '54', '25', '22', '2022-05-10 10:58:26');
insert into `issue_tag` (`created_at`, `id`, `issue_id`, `tag_id`, `updated_at`) values ('2022-05-10 10:58:26', '55', '25', '10', '2022-05-10 10:58:26');
insert into `issue_tag` (`created_at`, `id`, `issue_id`, `tag_id`, `updated_at`) values ('2022-05-10 10:58:26', '56', '26', '1', '2022-05-10 10:58:26');
insert into `issue_tag` (`created_at`, `id`, `issue_id`, `tag_id`, `updated_at`) values ('2022-05-10 10:58:26', '57', '26', '7', '2022-05-10 10:58:26');
insert into `issue_tag` (`created_at`, `id`, `issue_id`, `tag_id`, `updated_at`) values ('2022-05-10 10:58:26', '58', '26', '28', '2022-05-10 10:58:26');
insert into `issue_tag` (`created_at`, `id`, `issue_id`, `tag_id`, `updated_at`) values ('2022-05-10 10:58:26', '59', '27', '14', '2022-05-10 10:58:26');
insert into `issue_tag` (`created_at`, `id`, `issue_id`, `tag_id`, `updated_at`) values ('2022-05-10 10:58:26', '60', '27', '22', '2022-05-10 10:58:26');
insert into `issue_tag` (`created_at`, `id`, `issue_id`, `tag_id`, `updated_at`) values ('2022-05-10 10:58:26', '61', '28', '4', '2022-05-10 10:58:26');
insert into `issue_tag` (`created_at`, `id`, `issue_id`, `tag_id`, `updated_at`) values ('2022-05-10 10:58:26', '62', '28', '23', '2022-05-10 10:58:26');
insert into `issue_tag` (`created_at`, `id`, `issue_id`, `tag_id`, `updated_at`) values ('2022-05-10 10:58:26', '63', '28', '30', '2022-05-10 10:58:26');
insert into `issue_tag` (`created_at`, `id`, `issue_id`, `tag_id`, `updated_at`) values ('2022-05-10 10:58:26', '64', '29', '29', '2022-05-10 10:58:26');
insert into `issue_tag` (`created_at`, `id`, `issue_id`, `tag_id`, `updated_at`) values ('2022-05-10 10:58:26', '65', '29', '27', '2022-05-10 10:58:26');
insert into `issue_tag` (`created_at`, `id`, `issue_id`, `tag_id`, `updated_at`) values ('2022-05-10 10:58:26', '66', '30', '11', '2022-05-10 10:58:26');

